[{"@type":"mappingTemplate","id":"@1","name":"Shiva_Photos","description":"","bundleVersion":"0","templateId":"@3","deployTime":1654693971000,"hasParameters":false,"valid":true,"fixedConnection":true,"hasParametersDeployed":false,"fixedConnectionDeployed":true,"tasks":0,"mappingPreviewFileRecordId":"@2","documentType":"MAPPING","references":[{"@type":"reference","refObjectId":"@4mJRDuZc5ILj4IUYFT1O2U","refType":"connection"},{"@type":"reference","refObjectId":"@1kn1bXDs48xdM0sYfrZLQA","refType":"connection"}]}]